57.013,4.487,31.106,1
59.013,4.487,30.106,1
61.013,4.487,30.106,1
63.013,3.487,29.106,1
66.013,2.487,28.106,1
66.013,1.487,28.106,1
66.013,1.487,29.106,1
55.013,8.487,32.106,2
54.013,9.487,34.106,2
54.013,11.487,37.106,2
53.013,11.487,39.106,2
53.013,12.487,41.106,2
52.013,13.487,42.106,2
51.513,15.487,45.106,2
66.013,27.487,48.106,3
66.013,23.487,46.106,3
67.013,20.487,44.106,3
67.013,16.487,42.106,3
68.013,13.487,40.106,3
69.013,8.487,38.106,3
70.013,4.487,36.106,3
71.013,1.487,35.106,3
73.013,-0.513,34.106,3
63.013,-5.513,35.106,4
64.013,-7.513,37.106,4
66.013,-8.513,39.106,4
66.013,-9.513,39.106,4
67.013,-10.513,39.106,4
67.013,-10.513,39.106,4
67.013,-9.513,40.106,4
67.013,-9.513,39.106,4
68.013,-9.513,39.106,4
44.013,1.487,41.106,5
44.013,2.487,42.106,5
44.013,3.487,43.106,5
43.013,8.487,45.106,5
43.013,13.487,47.106,5
43.013,14.487,47.106,5
43.013,16.487,48.106,5
42.013,18.487,49.106,5
42.013,20.487,50.106,5
59.013,-5.513,45.106,6
58.013,-4.513,45.106,6
58.013,-3.513,45.106,6
60.013,1.487,45.106,6
62.013,7.487,46.106,6
60.013,11.487,46.106,6
59.013,16.487,47.106,6
58.013,17.487,47.106,6
58.013,19.487,47.106,6
57.013,22.487,46.106,6
56.013,25.487,46.106,6
55.013,26.487,46.106,6
55.013,27.487,47.106,6
54.013,29.487,47.106,6
54.013,31.487,48.106,6
74.013,-0.513,46.106,7
73.013,2.487,47.106,7
73.013,5.487,49.106,7
72.013,6.487,49.106,7
72.013,7.487,49.106,7
70.013,10.487,51.106,7
68.013,13.487,53.106,7
66.013,18.487,55.106,7
65.013,23.487,58.106,7
63.013,26.487,58.106,7
62.013,29.487,59.106,7
61.013,29.487,59.106,7
60.013,30.487,59.106,7
60.013,30.487,59.106,7
61.013,30.487,60.106,7
33.013,23.487,61.106,8
34.013,21.487,59.106,8
35.013,19.487,57.106,8
35.013,16.487,56.106,8
36.013,13.487,56.106,8
36.013,9.487,55.106,8
37.013,6.487,54.106,8
37.013,4.487,53.106,8
37.013,2.487,52.106,8
46.013,5.487,54.106,9
46.013,6.487,54.106,9
47.013,7.487,55.106,9
47.013,9.487,56.106,9
48.013,11.487,57.106,9
50.013,15.487,60.106,9
52.013,19.487,64.106,9
53.013,21.487,66.106,9
55.013,24.487,68.106,9
61.013,19.487,65.106,10
61.013,16.487,63.106,10
62.013,13.487,62.106,10
62.013,11.487,61.106,10
62.013,10.487,61.106,10
72.013,9.487,62.106,11
72.013,11.487,62.106,11
73.013,13.487,62.106,11
73.013,16.487,61.106,11
74.013,20.487,61.106,11
74.013,22.487,61.106,11
74.013,25.487,61.106,11
44.013,17.487,76.106,12
45.013,16.487,74.106,12
46.013,15.487,73.106,12
48.013,13.487,70.106,12
51.013,11.487,67.106,12
53.013,9.487,65.106,12
56.013,8.487,63.106,12
56.013,7.487,62.106,12
57.013,7.487,61.106,12
41.013,11.487,66.106,13
41.013,13.487,65.106,13
41.013,15.487,65.106,13
41.013,18.487,64.106,13
42.013,21.487,64.106,13
42.013,23.487,63.106,13
43.013,26.487,62.106,13
51.013,17.487,48.106,14
51.013,21.487,52.106,14
51.013,23.487,54.106,14
52.013,26.487,56.106,14
52.013,26.487,57.106,14
53.013,27.487,58.106,14
