-25.221,40.283,-52.805,1
-26.421,34.491,-56.359,1
-27.447,29.21,-61.096,1
-35.539,24.505,-61.572,2
-29.256,32.306,-53.951,2
-27.498,40.191,-47.34,2
-30.31,24.412,-52.764,3
-28.22,24.178,-46.292,3
-26.296,25.433,-41.896,3
-25.251,28.854,-44.611,4
-25.846,25.467,-54.572,4
-22.574,19.058,-62.061,4
-20.613,35.66,-41.162,5
-21.386,29.016,-50.943,5
-18.109,19.831,-59.984,5
-20.517,39.207,-43.011,6
-20.277,34.885,-51.521,6
-15.971,26.844,-56.808,6
-11.649,29.85,-55.377,7
-13.022,33.275,-55.376,7
-15.082,35.856,-54.07,7
-21.979,38.421,-57.7,8
-22.031,35.464,-59.837,8
-23.129,28.949,-62.549,8
-39.827,27.284,-61.597,9
-34.84,30.87,-54.371,9
-29.877,38.313,-43.74,9
