37.092,34.806,183.034,1
38.67,33.421,184.312,1
39.613,32.968,185.455,1
40.144,33.494,186.903,1
39.847,33.393,188.768,1
40.458,31.949,190.135,1
42.502,31.64,191.227,1
43.595,32.267,192.885,1
44.098,32.121,194.756,1
45.161,31.66,196.061,1
46.325,32.231,197.069,1
46.42,32.988,198.715,1
46.719,32.828,200.703,1
47.516,32.919,202.513,1
47.566,33.578,203.972,1
46.852,33.417,205.794,1
41.55,29.974,216.63,2
39.006,28.73,215.74,2
38.308,28.444,213.647,2
39.251,28.612,212.053,2
40.654,27.243,211.05,2
40.789,25.706,209.848,2
40.757,25.501,208.045,2
42.139,25.68,206.755,2
43.416,24.646,206.059,2
43.562,23.545,204.731,2
43.971,23.359,202.809,2
45.19,22.874,201.462,2
45.629,21.6,200.385,2
45.254,21.144,198.85,2
45.816,21.395,197.324,2
46.824,20.695,196.256,2
46.824,19.613,194.965,2
46.823,19.533,193.238,2
47.903,19.428,192.08,2
48.708,18.215,191.154,2
48.629,17.467,189.768,2
49.244,17.572,188.192,2
50.546,17,187.103,2
50.969,15.89,185.86,2
51.064,15.837,184.204,2
52.343,16.25,183.031,2
53.633,15.308,182.376,2
60.54,25.051,179.931,3
60.817,25.88,181.715,3
59.857,25.67,183.099,3
59.443,24.758,184.342,3
59.62,24.56,186.024,3
58.915,24.847,187.513,3
57.977,24.068,188.605,3
58.16,23.067,190.035,3
58.223,23.237,191.684,3
57.036,23.222,193.139,3
56.394,21.92,194.145,3
57.124,21.055,195.751,3
57.225,21.291,197.74,3
56.329,20.852,199.143,3
56.366,19.503,200.13,3
57.19,18.919,201.476,3
57.028,18.805,203.128,3
56.514,17.732,204.275,3
57.471,16.321,204.998,3
54.842,28.689,199.183,4
55.279,27.762,201.054,4
55.955,27.194,202.735,4
55.905,27.17,204.427,4
55.554,26.543,206.111,4
55.328,25.533,208.049,4
53.494,37.632,182.107,5
52.918,35.418,183.511,5
53.468,34.453,184.962,5
53.62,34.272,186.859,5
53.194,33.614,188.596,5
53.475,32.412,190.135,5
54.084,31.977,192.006,5
54.003,31.585,193.83,5
54.041,30.65,195.425,5
54.43,29.695,197.268,5
72.954,45.004,181.384,6
72.016,43.858,180.589,6
70.679,42.809,181.369,6
68.997,42.659,181.753,6
67.734,41.98,181.041,6
67.102,40.346,180.95,6
66.016,39.588,181.929,6
64.454,39.418,182.024,6
63.155,38.464,181.629,6
62.19,37.482,182.173,6
60.731,37.971,183.179,6
58.407,39.261,182.597,6
79.729,61.978,218.748,7
79.291,63.113,216.264,7
79.889,63.862,214.622,7
80.462,62.874,213.216,7
79.726,61.774,211.831,7
79.093,61.782,210.002,7
79.834,61.521,208.4,7
80.17,60.065,207.47,7
79.314,59.157,206.382,7
78.998,59.061,204.666,7
79.444,58.289,203.201,7
78.917,56.856,202.281,7
77.81,56.323,200.947,7
77.807,55.994,199.327,7
78.029,54.721,198.22,7
77.182,53.626,197.283,7
76.567,53.612,195.711,7
76.851,53.138,194.123,7
76.498,52.036,193.117,7
75.436,51.584,191.889,7
75.389,51.624,190.188,7
75.81,50.568,188.866,7
75.182,49.363,187.775,7
74.594,49.103,186.244,7
75.305,48.652,184.473,7
75.729,47.099,183.768,7
74.681,45.953,182.883,7
72.954,45.004,181.384,7
78.493,55.366,216.681,8
76.359,56.327,217.806,8
74.978,56.476,219.02,8
75.462,56.348,220.725,8
76.207,57.522,221.55,8
77.07,60.078,221.564,8
63.286,57.532,202.838,9
65.71,57.938,201.706,9
67.307,57.994,202.715,9
67.771,57.761,204.69,9
68.136,56.411,205.782,9
69.647,55.679,205.99,9
71.008,55.996,206.919,9
71.695,55.643,208.369,9
72.772,54.602,209.109,9
74.446,54.424,209.646,9
75.561,54.474,210.965,9
76.216,53.527,211.91,9
77.607,52.718,211.967,9
79.158,52.83,212.525,9
79.649,54.154,214.976,9
42.831,38.414,162.003,10
44.345,37.709,163.507,10
46.028,37.993,164.368,10
47.111,38.701,165.889,10
48.005,38.411,167.329,10
49.636,38.043,167.999,10
50.848,39.179,168.408,10
50.74,40.324,170.086,10
50.817,39.666,171.867,10
52.337,38.837,172.211,10
53.75,39.846,171.926,10
54.234,41.246,172.853,10
55.089,42.321,174.394,10
56.144,43.502,175.468,10
56.522,45.019,176.427,10
56.59,45.633,178.032,10
57.698,45.795,179.26,10
58.848,47.044,179.775,10
58.879,48.342,180.824,10
59.286,48.507,182.452,10
60.869,48.72,183.333,10
61.985,50.18,183.876,10
61.924,51.126,185.209,10
62.589,51.068,187.072,10
64.103,51.518,187.895,10
64.76,53.176,188.713,10
64.734,54.398,190.404,10
65.474,55.008,191.798,10
66.339,56.344,192.171,10
66.469,58.138,192.787,10
66.901,59.281,193.993,10
68.193,60.281,194.478,10
68.823,61.936,194.301,10
68.661,63.239,195.19,10
69.491,64.046,196.693,10
70.561,65.223,197.824,10
70.634,66.418,198.921,10
70.668,66.737,200.603,10
71.737,67.095,201.864,10
72.45,68.279,202.83,10
72.269,68.899,204.17,10
72.734,68.942,205.843,10
73.458,69.551,207.184,10
73.339,70.391,208.625,10
73.23,70.222,210.249,10
74.117,70.235,211.584,10
74.693,71.253,212.943,10
74.353,71.723,214.788,10
72.779,70.117,216.781,10
42.431,40.662,160.362,11
43.65,41.947,159.563,11
45.241,42.829,158.981,11
46.79,43.468,157.566,11
46.429,47.672,172.251,12
48.791,48.847,171.367,12
50.308,48.846,170.547,12
50.628,48.649,169.003,12
50.812,49.491,167.405,12
51.887,49.995,166.469,12
52.753,49.295,165.184,12
52.72,48.976,163.204,12
53.354,49.551,161.394,12
54.769,49.122,160.362,12
55.122,47.589,159.098,12
52.96,46.427,157.987,12
30.646,51.216,166.225,13
30.549,52.825,166.159,13
30.952,54.492,166.638,13
31.816,55.719,166.2,13
31.519,57.233,165.3,13
40.67,52.045,154.018,14
41.96,52.946,155.082,14
41.44,53.903,156.457,14
40.849,53.629,158.011,14
41.654,53.384,159.506,14
42.261,54.411,160.737,14
41.751,55.117,162.201,14
41.756,54.893,163.901,14
42.574,55.224,165.597,14
42.38,56.168,166.876,14
41.464,56.017,168.364,14
40.546,53.497,169.081,14
40.67,52.045,154.018,15
38.079,51.071,153.028,15
36.683,50.455,153.658,15
35.786,50.251,155.016,15
34.466,50.862,155.857,15
32.858,50.567,156.007,15
31.826,49.595,156.989,15
30.835,49.688,158.457,15
29.161,50.06,158.886,15
27.713,49.062,158.973,15
27.056,48.165,160.167,15
26.057,48.274,161.359,15
24.606,48.057,161.94,15
23.827,47.114,162.82,15
