5.576,10.085,-13.988,1
4.806,-1.872,-11.385,1
9.238,-14.01,-8.502,1
12.128,-6.248,6.242,2
11.589,-0.218,-0.764,2
11.419,7.67,-6.895,2
14.577,-2.93,7.289,3
15.754,1.373,-5.666,3
21.344,15.331,-8.478,3
22.079,14.761,-12.583,4
20.734,4.839,-6.262,4
20.092,-1.735,8.478,4
23.401,3.944,-11.866,5
24.755,3.731,-8.536,5
24.967,1.524,-5.767,5
4.912,6.242,-18.617,6
9.271,-1.602,-13.739,6
13.813,-12.432,-8.365,6
19.681,-11.271,-7.045,7
17.014,-8.191,-11.537,7
12.536,-1.202,-17.552,7
14.734,-3.319,-20.646,8
20.481,-3.39,-13.244,8
22.751,-8.387,-4.94,8
6.943,-5.939,1.798,9
6.705,0.226,-0.464,9
7.177,9.154,-5.006,9
4.126,9.361,-9.302,10
-0.818,-1.038,-10.753,10
5.056,-16.458,-10.591,10
