208.02,272.056,283.251,1
207.902,271.555,281.731,1
206.171,271.592,280.327,1
205.439,272.421,279.261,1
205.648,272.569,277.716,1
205.319,272.183,276.094,1
204.581,272.805,274.854,1
204.786,273.911,273.366,1
204.941,273.854,272.039,1
203.846,273.791,270.873,1
201.112,274.268,271.261,1
206.856,280.374,287.064,2
205.433,280.847,286.296,2
204.289,282.349,284.81,2
203.706,282.462,283.565,2
201.965,281.75,283.009,2
199.681,280.438,282.792,2
206.856,280.374,287.064,3
208.135,280.977,288.865,3
208.909,280.886,290.433,3
210.274,280.348,290.916,3
211.951,280.708,291.177,3
212.745,281.249,292.531,3
213.239,280.186,294.018,3
214.647,279.206,294.609,3
215.821,279.35,295.403,3
216.448,279.227,296.888,3
217.337,278.31,298.008,3
228.979,283.062,302.377,4
229.528,283.526,301.063,4
229.918,283.39,299.597,4
229.58,283.716,298.021,4
229.982,284.676,296.809,4
231.008,284.812,295.424,4
230.893,284.602,293.883,4
230.516,285.47,292.366,4
231.072,286.41,290.777,4
231.335,286.315,289.11,4
230.474,286.703,287.687,4
230.148,287.91,286.507,4
230.543,288.36,285.043,4
230.081,288.245,283.479,4
229.279,288.904,282.099,4
227.632,276.917,281.846,5
228.329,276.472,280.732,5
229.896,276.27,280.356,5
231.46,275.333,280.128,5
232.249,274.788,278.981,5
232.34,276.169,276.331,5
224.386,280.686,282.184,6
224.124,280.398,283.555,6
224.174,281.086,284.701,6
223.085,282.074,286.032,6
222.437,281.958,287.371,6
222.938,282.209,288.938,6
223.017,283.27,290.27,6
222.342,283.601,291.637,6
222.582,283.148,293.207,6
223.35,283.625,294.674,6
222.834,284.456,295.928,6
221.972,284.129,297.452,6
222.413,283.834,298.848,6
222.803,284.543,300.236,6
222.073,285.063,301.797,6
221.907,284.353,303.139,6
222.855,284.399,304.4,6
223.093,285.314,305.575,6
223.152,284.876,308.318,7
224.382,284.986,309.658,7
225.287,285.009,311.006,7
225.977,284.12,311.826,7
223.4,273.732,320.989,8
222.23,272.702,320.391,8
221.04,272.956,319.749,8
220.252,273.131,318.348,8
219.372,272.888,317.371,8
218.048,273.223,316.877,8
217.189,274.362,315.671,8
216.811,274.176,314.111,8
215.314,273.315,313.341,8
213.912,273.79,313.089,8
213.205,274.746,311.693,8
212.541,274.52,310.329,8
210.921,274.322,309.749,8
209.747,275.184,309.179,8
209.213,275.629,307.786,8
208.153,275.253,306.557,8
206.722,275.521,305.84,8
206.217,276.374,304.594,8
206.027,276.095,302.881,8
204.752,275.433,301.941,8
203.382,276.148,301.239,8
203.116,276.903,299.882,8
202.646,276.477,298.404,8
201.277,276.321,297.597,8
200.306,277.627,296.723,8
200.237,278.467,294.98,8
199.524,277.959,293.915,8
197.892,277.952,293.272,8
188.758,270.992,293.556,9
189.549,272.561,295.163,9
189.068,272.884,296.925,9
189.494,271.921,298.247,9
190.855,271.807,299.151,9
191.748,272.348,300.487,9
192.095,271.9,302.19,9
193.305,270.921,303.148,9
194.676,271.314,303.873,9
195.193,271.87,305.325,9
195.776,271.364,306.893,9
197.497,270.933,307.5,9
198.634,272.218,307.759,9
198.252,273.566,309.152,9
198.29,273.496,310.94,9
199.605,273.69,311.94,9
200.418,274.898,312.547,9
200.616,275.815,313.799,9
201.484,275.969,315.049,9
202.852,276.738,315.605,9
203.102,278.046,316.441,9
203.224,278.513,317.965,9
206.577,268.841,318.977,10
205.266,267.908,319.321,10
203.943,267.371,320.134,10
202.366,267.554,320.027,10
184.448,264.835,296.298,11
185.068,264.186,297.826,11
186.655,264.181,298.628,11
187.107,265.234,299.411,11
186.792,265.6,301.109,11
187.273,265.335,302.9,11
188.382,266.172,304.43,11
188.07,267.424,305.764,11
187.3,267.193,307.401,11
187.743,266.76,309.038,11
188.211,267.473,310.439,11
187.661,268.179,312.032,11
187.543,267.83,313.567,11
188.62,267.998,314.764,11
189.094,269.123,316.029,11
189.115,269.97,317.857,11
189.854,270.243,319.075,11
190.994,271.55,319.729,11
191.374,272.599,320.51,11
191.807,273.473,322.298,11
180.524,264.928,283.928,12
180.507,264.757,286.333,12
180.944,263.651,287.957,12
182.261,263.497,288.879,12
182.757,264.316,290.063,12
182.614,264.401,291.746,12
183.183,264.117,293.163,12
184.059,264.519,294.648,12
184.448,264.835,296.298,12
182.351,274.156,285.111,13
181.359,272.84,284.08,13
180.362,271.379,283.746,13
178.814,270.755,283.403,13
177.913,270.376,282.088,13
177.581,268.792,280.738,13
178.493,266.006,280.672,13
164.784,271.455,280.307,14
163.85,272.667,278.093,14
164.9,274.056,277.342,14
166.626,274.254,277.089,14
167.784,273.779,275.806,14
168.528,274.38,274.279,14
169.861,275.2,273.897,14
171.535,274.767,273.509,14
172.523,274.405,272.148,14
173.496,275.23,271.163,14
175.139,275.646,271.15,14
176.758,275.142,270.568,14
178.018,275.341,269.441,14
179.494,276.128,269.214,14
181.492,277.304,271.294,14
172.086,262.632,286.297,15
172.613,263.571,288.333,15
174.231,263.436,288.473,15
175.541,263.21,288.002,15
176.588,264.313,287.45,15
175.964,266.742,287.902,15
246.392,276.01,315.828,16
245.294,275.581,313.597,16
243.95,274.077,312.701,16
242.259,273.938,312.681,16
240.762,274.479,311.925,16
239.76,274.041,310.826,16
238.319,272.958,310.904,16
236.6,273.086,311.233,16
235.146,273.302,310.417,16
233.899,272.561,309.762,16
232.309,272.049,310.044,16
230.85,272.505,309.789,16
229.574,272.312,308.716,16
228.283,271.441,308.53,16
226.542,271.494,308.899,16
225.124,271.929,308.172,16
223.982,271.189,307.232,16
222.46,270.248,307.443,16
220.915,270.521,307.489,16
219.672,270.622,306.258,16
218.672,269.625,305.514,16
217.013,269.047,305.908,16
215.426,269.447,305.642,16
214.319,269.086,304.561,16
213.142,268.055,304.285,16
211.599,267.843,304.427,16
209.979,267.887,303.674,16
208.79,266.94,302.933,16
207.082,265.946,303.104,16
205.575,265.989,302.812,16
204.543,265.538,301.767,16
203.544,264.466,301.363,16
202.102,264.067,301.311,16
200.886,263.92,300.506,16
199.716,263.213,299.591,16
198.293,262.626,299.097,16
197.081,262.831,298.146,16
196.687,262.243,296.539,16
195.82,260.726,295.602,16
194.393,260.468,295.094,16
193.64,260.955,293.63,16
193.631,260.325,291.829,16
192.593,258.977,291.189,16
191.073,259.176,290.818,16
190.261,259.927,289.516,16
189.625,259.561,287.593,16
188.045,259.083,286.555,16
186.966,259.868,285.883,16
186.768,260.523,284.506,16
186.246,259.998,282.817,16
184.966,257.551,281.763,16
200.553,271.357,287.63,17
201.174,272.527,289.097,17
201.807,271.837,291.203,17
202.91,271.04,291.597,17
204.748,271.425,291.888,17
205.936,271.751,292.867,17
206.739,270.38,293.894,17
208.021,268.994,293.301,17
209.323,269.498,292.898,17
210.706,270.131,293.924,17
211.818,269.73,294.584,17
213.41,269.572,294.18,17
214.715,270.242,294.247,17
216.076,270.282,295.119,17
217.419,269.773,295.186,17
218.897,270.159,294.789,17
220.102,270.685,295.346,17
221.48,270.181,296.012,17
222.977,269.898,295.603,17
224.394,270.784,295.608,17
225.651,271.083,296.616,17
227.239,270.624,297.045,17
228.625,271.074,296.628,17
229.763,272.295,297.213,17
230.967,272.331,298.317,17
232.662,272.021,298.389,17
233.982,272.854,298.233,17
234.948,273.765,299.281,17
236.362,273.605,300.307,17
238.169,273.822,300.4,17
239.301,274.855,300.899,17
240.277,275.194,302.136,17
241.703,275.002,302.675,17
243.176,275.612,302.882,17
244.12,276.302,303.933,17
245.283,275.917,305.002,17
247.041,275.854,305.222,17
248.437,276.68,305.865,17
249.776,277.068,307.251,17
251.567,277.11,308.284,17
253.3,278.022,308.911,17
253.839,278.862,310.366,17
254.472,278.134,311.872,17
255.965,277.501,312.577,17
257.197,277.975,313.512,17
257.875,278.068,315.082,17
257.421,276.886,317.763,17
