169.72,130.275,241.94,1
177.128,128.915,252.48,1
185.005,120.998,259.502,1
166.635,131.304,245.835,2
174.63,124.604,253.125,2
186.186,119.193,254.854,2
182.201,131.558,253.931,3
179.755,132.199,251.273,3
177.125,132.606,245.317,3
183.329,136.468,252.563,4
181.684,136.148,249.328,4
181.397,134.582,242.994,4
185.436,137.214,241.861,5
185.927,137.305,245.432,5
184.73,139.835,247.711,5
180.686,152.355,213.4,6
175.395,148.975,216.802,6
172.451,145.46,225.228,6
179.538,155.912,216.384,7
174.058,153.037,218.329,7
168.32,148.222,224.746,7
177.792,145.83,212.574,8
177.795,143.863,219.167,8
175.661,141.992,224.751,8
179.125,141.376,211.653,9
178.498,140.171,214.967,9
179.658,138.43,221.159,9
180.848,137.014,210.475,10
183.426,136.821,216.701,10
186.523,132.592,225.415,10
183.607,131.617,213.292,11
189.429,135.618,220.905,11
193.299,135.074,229.753,11
195.861,140.11,227.916,12
192.564,133.456,216.354,12
185.006,127.597,215.734,12
197.571,136.758,217.714,13
195.372,141.41,221.929,13
196.578,142.985,224.989,13
178.69,144.378,188.233,14
182.578,140.384,191.903,14
185.104,135.988,195.4,14
174.818,141.634,189.275,15
180.152,137.387,188.644,15
185.146,134.185,191.354,15
190.497,152.841,193.429,16
189.493,152.441,196.841,16
186.434,153.589,198.562,16
187.966,158.915,178.93,17
190.721,156.767,180.044,17
190.503,153.306,180.93,17
183.303,163.67,176.724,18
180.347,164.785,170.347,18
175.31,162.272,161.921,18
172.486,168.396,173.749,19
172.803,170.084,170.505,19
171.542,171.866,167.547,19
171.435,167.547,165.79,20
174.368,164.633,171.113,20
180.439,159.527,176.579,20
184.101,164.054,166.719,21
180.435,159.202,164.259,21
177.219,157.699,163.357,21
188.407,160.698,182.753,22
188.708,157.168,183.698,22
187.758,154.025,184.934,22
186.868,148.89,192.848,23
187.692,147.642,196.167,23
186.962,148.184,199.54,23
142.584,181.694,139.942,24
142.227,178.956,146.245,24
141.522,176.182,148.432,24
138.63,184.259,142.211,25
137.673,181.196,143.735,25
137.099,175.706,147.969,25
132.819,176.039,145.724,26
132.609,179.681,145.403,26
133.442,182.499,143.262,26