201.928,213.984,124.067,1
202.761,208.075,127.152,1
201.904,204.643,128.014,1
199.882,215.049,128.214,2
198.818,209.179,129.993,2
197.468,205.821,129.333,2
208.315,203.416,130.202,3
206.009,207.403,123.888,3
204.035,215.66,118.671,3
211.644,204.36,126.77,4
212.125,201.64,124.507,4
209.87,202.761,122.082,4
197.056,236.998,112.643,5
191.774,234.571,109.113,5
186.034,232.387,106.833,5
189.836,234.824,115.032,6
192.727,232.657,115.524,6
196.194,232.449,116.183,6
188.278,229.91,103.81,7
191.573,231.144,104.859,7
196.772,235.549,106.081,7
190.247,229.387,99.141,8
193.286,231.025,100.278,8
197.122,236.682,100.838,8