224.709,223.01,274.996,1
224.407,224.909,275,1
225.728,226.246,275.745,1
227.22,226.838,275.271,1
227.636,228.163,274.11,1
227.748,229.906,274.208,1
229.031,231.04,274.585,1
230.211,231.882,273.81,1
230.414,233.378,273.069,1
230.915,234.907,273.619,1
232.389,235.885,273.764,1
233.48,237.159,272.995,1
233.661,238.732,273.036,1
234.706,239.858,274.127,1
236.132,240.475,274.151,1
236.838,241.973,273.532,1
237.186,243.521,273.934,1
238.525,244.453,274.522,1
239.727,245.37,274.045,1
240.081,247.064,273.767,1
240.729,248.329,274.552,1
242.424,249.015,274.73,1
243.377,250.111,273.94,1
243.609,251.907,274.101,1
244.547,252.932,275.005,1
246.198,253.686,274.784,1
246.803,255.007,274.139,1
253.53,253.371,268.882,2
251.656,253.445,268.191,2
250.472,252.933,266.913,2
249.285,251.726,266.611,2
247.688,251.474,266.823,2
246.167,251.71,265.892,2
245.218,250.907,264.927,2
243.795,249.891,265.09,2
242.195,249.918,265.044,2
240.94,249.644,263.856,2
240.021,248.34,263.286,2
238.422,247.649,263.823,2
236.843,247.849,263.488,2
235.816,247.164,262.339,2
234.402,245.521,261.219,2
233.067,244.777,260.203,2
232.637,244.432,258.515,2
232.774,243.237,257.411,2
231.822,241.951,256.876,2
230.545,241.672,255.664,2
230.518,241.18,254.079,2
230.386,239.699,253.246,2
229.366,238.691,252.573,2
228.651,238.332,250.968,2
229.012,237.353,249.741,2
228.563,235.613,249.345,2
227.469,234.767,248.577,2
227.265,234.142,246.923,2
227.655,232.778,246.092,2
226.85,231.264,245.695,2
225.867,230.167,244.639,2
255.157,203.07,108.005,3
252.588,203.089,108.722,3
251.725,202.313,110.178,3
251.897,202.599,112.011,3
251.239,203.71,113.338,3
249.922,203.644,114.264,3
249.478,202.883,115.919,3
249.546,203.311,117.585,3
248.457,204.051,118.724,3
247.259,203.507,119.734,3
247.015,202.923,121.396,3
246.602,203.599,122.883,3
245.116,203.89,123.746,3
244.184,203.04,124.82,3
244.023,202.803,126.525,3
243.163,203.439,127.842,3
241.699,203.108,128.703,3
241.24,202.157,130.072,3
241.06,202.321,131.709,3
239.833,202.732,132.764,3
238.627,201.999,133.661,3
238.404,201.405,135.266,3
237.829,201.814,136.754,3
236.447,201.684,137.68,3
235.82,200.766,138.776,3
235.647,200.628,140.449,3
234.664,200.907,141.923,3
233.58,200.204,143.127,3
233.653,199.511,144.713,3
233.509,200.009,146.344,3
232.216,200.139,147.488,3
231.415,199.25,148.759,3
231.6,199.109,150.392,3
231.009,199.84,151.815,3
229.644,199.552,152.856,3
229.271,198.599,154.275,3
229.299,198.859,155.928,3
228.246,199.483,157.085,3
227.008,198.887,158.183,3
226.93,198.371,159.752,3
226.65,199.034,161.3,3
225.435,199.317,162.496,3
224.804,198.648,163.879,3
225.013,198.735,165.604,3
224.359,199.589,166.986,3
223.111,199.386,168.172,3
223.029,198.696,169.697,3
223.255,199.215,171.349,3
222.259,199.879,172.565,3
221.295,199.341,173.866,3
221.393,199.085,175.464,3
221.168,199.938,177.007,3
219.887,200.136,178.147,3
219.372,199.256,179.598,3
219.666,199.289,181.144,3
218.949,200.303,182.475,3
217.666,200.167,183.467,3
217.426,199.496,185.069,3
217.462,199.85,186.581,3
216.39,200.349,187.942,3
215.694,199.841,189.074,3
215.989,199.57,190.81,3
215.778,200.158,192.037,3
214.463,200.096,193.322,3
213.801,199.569,194.794,3
213.676,200.177,196.308,3
212.669,201.046,197.31,3
211.554,200.772,198.415,3
211.363,200.591,200.135,3
210.973,201.581,201.427,3
209.512,202.073,202.248,3
208.587,201.454,203.574,3
208.655,201.666,205.297,3
207.973,202.759,206.415,3
206.546,202.869,207.336,3
205.978,202.391,208.92,3
205.95,203.1,210.413,3
204.867,204.084,211.241,3
203.574,204.075,212.336,3
203.339,204.196,213.985,3
203.139,205.609,215.029,3
201.699,206.597,215.594,3
200.375,206.891,216.862,3
201.074,206.179,219.219,3
218.473,195.405,120.339,4
219.648,194.281,119.069,4
218.935,193.722,117.278,4
218.191,195.011,116.305,4
219.349,196.383,115.686,4
220.612,196.278,114.582,4
220.866,196.365,112.88,4
221.272,197.227,111.757,4
222.485,197.713,110.796,4
223.271,197.766,109.421,4
223.462,198.618,108.278,4
224.514,199.84,107.68,4
225.86,199.97,106.67,4
226.102,200.239,104.92,4
225.884,201.76,104.298,4
227.135,203.142,104.358,4
228.244,203.805,103.683,4
229.246,204.861,102.516,4
210.472,195.834,115.618,5
208.838,196.09,115.161,5
207.843,197.566,114.668,5
207.333,198.441,113.164,5
206.132,198.478,112.197,5
204.745,199.17,111.854,5
203.922,200.238,110.967,5
203.091,200.186,109.728,5
201.359,200.058,109.154,5
200.257,201.103,108.808,5
199.761,202.011,107.233,5
198.779,201.766,106.043,5
197.224,202.057,106.09,5
196.03,203.469,105.739,5
195.055,204.173,104.355,5
193.13,204.133,103.222,5
197.859,191.953,123.149,6
197.028,192.322,121.622,6
196.474,193.698,121.349,6
197.154,195.277,120.849,6
197.483,196.147,119.575,6
196.32,197.352,118.789,6
195.886,198.957,119.285,6
196.72,200.564,119.027,6
196.727,201.482,117.613,6
195.606,202.812,116.912,6
195.516,204.347,117.098,6
196.43,205.638,116.307,6
196.206,206.496,114.848,6
195.329,207.895,114.39,6
195.558,209.557,114.26,6
195.891,210.795,113.273,6
196.07,211.262,110.44,6
188.186,209.452,121.983,7
188.634,210.897,121.543,7
188.878,212.246,122.123,7
190.155,213.289,122.73,7
191.096,214.517,122.42,7
191.091,216.106,122.636,7
191.599,217.54,123.57,7
192.984,218.704,123.522,7
197.427,207.691,141.986,8
196.475,208.955,142.523,8
196.91,210.501,142.545,8
196.891,211.883,141.426,8
195.615,212.948,141.019,8
195.087,214.524,141.955,8
195.622,216.011,141.899,8
195.437,217.437,141.008,8
194.712,218.91,140.906,8
195.143,220.494,141.39,8
195.991,222.372,140.977,8
195.925,223.305,138.471,8
207.587,217.594,136.007,9
207.516,219.08,135.159,9
207.791,219.078,133.6,9
206.689,218.678,132.38,9
205.525,219.354,131.48,9
204.829,220.357,129.849,9
207.587,217.594,136.007,10
208.503,215.754,137.011,10
208.876,214.27,137.899,10
207.81,212.78,138.071,10
213.621,221.151,118.237,11
210.76,221.164,118.114,11
209.27,221.083,117.38,11
208.453,220.347,116.228,11
207.336,219.054,115.549,11
205.573,217.124,116.807,11
217.268,222.804,124.854,12
214.899,222.01,126.084,12
214.516,220.164,126.276,12
215.309,218.535,126.158,12
216.147,217.536,127.301,12
215.661,216.309,128.426,12
217.498,207.675,116.961,13
216.122,209.898,117.45,13
216.903,211.541,117.739,13
217.972,212.265,116.83,13
217.934,213.33,115.344,13
217.77,215.001,115.091,13
218.972,216.411,115.012,13
219.882,217.09,113.774,13
219.976,218.227,112.663,13
219.995,220.279,111.688,13
223.745,225.429,87.214,14
223.827,223.681,87.404,14
224.903,222.706,88.28,14
224.783,222.284,89.938,14
224.051,221.16,90.757,14
224.429,219.472,91.173,14
225.435,218.83,92.53,14
224.66,219.028,94.153,14
222.927,218.275,94.327,14
222.71,216.434,94.063,14
223.502,215.122,95.191,14
223.002,214.807,96.888,14
221.564,213.913,97.42,14
221.051,212.361,97.744,14
220.931,211.345,98.975,14
219.84,210.803,100.212,14
218.779,209.567,100.402,14
218.762,207.905,101.036,14
218.559,207.354,102.655,14
198.26,212.984,100.311,15
196.046,213.827,98.628,15
195.227,212.709,97.57,15
194.799,210.979,97.313,15
215.071,255.136,113.495,16
215.137,256.436,110.106,16
213.73,256.426,108.908,16
212.203,256.027,108.33,16
210.722,256.59,108.164,16
210.014,257.484,106.944,16
209.277,256.817,105.399,16
207.828,255.946,105.517,16
206.028,256.537,105.684,16
204.402,257.017,105.059,16
202.613,256.889,104.586,16
200.742,257.194,104.786,16
199.713,258.131,104.212,16
198.754,257.944,102.806,16
198.534,255.432,101.353,16
214.12,248.83,115.716,17
212.993,248.437,113.554,17
211.848,247.946,111.85,17
210.805,246.941,111.472,17
209.092,247.116,111.881,17
207.469,248.111,111.193,17
206.081,247.83,109.912,17
204.352,247.092,109.883,17
202.789,247.73,110.3,17
201.472,248.728,109.41,17
200.103,248.426,108.524,17
199.786,252.332,118.906,18
200.459,255.09,119.984,18
200.053,256.79,119.524,18
198.941,257.495,118.346,18
197.366,257.944,118.298,18
196.451,259.389,118.662,18
195.927,260.802,117.81,18
178.298,232.448,101.858,19
176.886,234.57,101.149,19
177.235,236.199,101.572,19
178.481,237.237,102.52,19
179.764,237.893,102.087,19
180.173,239.488,101.34,19
180.59,240.91,101.786,19
182.127,241.652,102.125,19
183.932,242.722,101.451,19
184.697,244.351,101.418,19
185.804,245.219,102.434,19
187.3,245.417,102.582,19
188.655,246.374,102.16,19
189.379,247.53,102.835,19
190.785,247.659,104.015,19
192.357,247.808,103.93,19
193.807,249.182,103.76,19
197.974,241.975,119.392,20
197.023,243.489,118.559,20
195.475,243.269,117.236,20
193.894,242.867,117.187,20
192.361,243.759,117.368,20
191.248,244.577,116.43,20
189.799,244.244,115.653,20
188.226,244.312,115.812,20
186.894,245.275,115.476,20
185.721,245.424,114.199,20
184.165,244.822,113.892,20
182.765,245.346,114.228,20
190.682,226.814,128.824,21
188.861,226.454,128.009,21
188.128,226.816,126.742,21
187.965,226.047,124.994,21
187.098,225.08,124.331,21
185.581,225.363,123.466,21
185.066,225.738,121.98,21
184.506,225.007,120.553,21
183.175,224.623,119.848,21
181.957,225.149,118.662,21
195.233,224.448,106.941,22
196.871,225.358,107.397,22
198.67,225.774,108.513,22
200.138,225.479,108.336,22
201.435,226.389,107.441,22
202.358,227.547,107.777,22
203.904,227.544,108.597,22
205.588,227.417,108.177,22
207.181,228.307,107.752,22
207.866,231.158,108.119,22
213.449,223.992,99.774,23
213.685,225.279,99.543,23
212.588,226.666,99.015,23
211.738,227.812,99.539,23
211.814,229.485,99.903,23
211.508,230.822,99.497,23
210.346,232.109,99.643,23
210.136,233.414,100.502,23
210.418,235.288,100.381,23
209.666,236.539,100.001,23
208.66,237.714,100.753,23
208.662,239.142,101.391,23
208.367,240.643,101.098,23
207.355,241.851,101.215,23
207.006,243.193,102.208,23
207.125,245.237,102.718,23
210.309,207.616,89.818,24
210.187,209.734,89.975,24
210.912,211.557,89.988,24
211.15,212.777,89.044,24
210.317,214.257,88.53,24
210.225,215.713,88.833,24
211.012,217.232,88.274,24
210.691,218.333,87.02,24
209.475,219.559,87.206,24
209.658,220.932,88.074,24
210.259,222.445,87.853,24
209.977,223.939,87.516,24
209.67,225.451,88.229,24
210.437,226.841,88.641,24
210.645,228.257,87.942,24
210.029,229.822,87.779,24
210.23,231.237,88.294,24
210.884,232.806,88.089,24
210.636,234.164,87.8,24
210.293,235.638,88.581,24
182.626,230.261,91.411,25
183.933,231.812,93.445,25
185.262,233.61,94.099,25
186.475,234.661,93.412,25
186.21,236.227,92.302,25
185.92,238.11,92.212,25
186.496,239.714,91.976,25
186.666,240.794,90.776,25
185.587,242.131,90.06,25
185.102,244.123,90.224,25
186.744,246.068,91.566,25
181.314,229.773,89.678,26
178.646,230.329,89.069,26
177.678,231.652,90.035,26
177.73,233.033,90.803,26
177.476,234.753,90.547,26
176.202,235.898,90.68,26
208.236,261.454,116.597,27
206.97,262.71,116.357,27
206.684,263.842,115.063,27
205.762,263.722,113.555,27
204.244,263.994,113.028,27
203.272,265.152,112.35,27
202.812,265.593,110.842,27
201.517,264.95,109.939,27
199.795,265.325,109.807,27
198.733,266.15,108.976,27
